name,subtype
Bacon
Bay Leaves
Bell Peppers
Bell Peppers,Red
Black Pepper
Blue Cheese
Bread
Butter
Buttermilk
Cayenne Pepper
Celery
Chicken Stock
Chicken Thighs
Chili-garlic Paste
Chives
Cilantro
Corn
Crushed Red Pepper
Cucumber
Flour
Garlic
Garlic Powder
Ginger
Ham,Smoked
Lettuce
Mayonnaise
Mint
Rice Noodles
Oil,Sesame
Oil,Vegetable
Onions
Onion,Red
Onion Powder
Oregano
Paprika
Parsley
Peanut Butter,Smooth
Peanuts,Roasted Salted
Pepper
Potatoes,Russet
Potatoes,Yukon Gold
Salt
Sausage,Andouille
Scallions
Sesame Paste
Soy Sauce
Sugar,Brown
Thyme
Tomato
Tomatoes,Plum
Vinegar,Cider
Vinegar,Rice
